Date,Time,Event Name,Street,City,Attendees,Hosted By,Category
12/12/2024,19:00:00-05:00,Live Readings by Medium Anuj Kotecha,Online,Online,11,Anuj K.,Entertainment
12/6/2024,18:00:00-05:00,Toronto Modern Data Stack - December 2024 Meetup,192 Spadina Ave. ,"Toronto, ON",250,June W. and 4 others,Entertainment
12/12/2024,17:00:00-05:00,Copilot Developer Camp: Toronto Edition,81 Bay St. ,"Toronto, ON",126,Ehsan E. and 4 others,Business
12/13/2024,19:00:00-05:00,E-Commerce Entrepreneurs Meetup  DEC 13th ,11 Lower Jarvis St ,"Toronto, ON",79,Andrew C. and Chris T.,Business
12/14/2024,19:00:00-05:00,HOLIDAY PARTY - Toronto Sci-Fi & Fantasy Writers,54 Dundas St E ,"Toronto, ON",50,Peter G. R.,Entertainment
12/11/2024,12:00:00-05:00,SQL Server 2025: an enterprise AI-ready database platform ~ Bob Ward,Online,Online,433,Taiob A. and 3 others,Entertainment
12/10/2024,17:00:00-05:00,"AI Meetup (December): AI, GenAI and LLMs Meetup",325 Front St W 4th Floor ,"Toronto, ON",32,Apriln,Entertainment
12/17/2024,18:00:00-05:00,MLTO x Data Drinks HOLIDAY-TA PARTY ,22 Cumberland Street ,"Toronto, ON",58,Myles and Mario G.,Entertainment
12/17/2024,18:00:00-05:00,MLTO x Data Drinks HOLIDAY-TA PARTY,22 Cumberland St ,"Toronto, ON",63,Robert W. and Myles,Entertainment
12/7/2024,17:00:00-05:00,Coffee meetup for shy and socially anxious people,56 Wellesley St W ,"Toronto, ON",20,Bob,Entertainment
12/22/2024,13:00:00-05:00,These Boots are Giving Back By Making 450 Sandwiches!,93 Dixon Ave ,"Toronto, ON",50,Sherry B.,Entertainment
12/9/2024,18:00:00-05:00,2024 Crypto Christmas Party,291 King St W ,"Toronto, ON",59,Antoine De V. and 3 others,Entertainment
12/7/2024,10:00:00-05:00,Westend Coffee Walk (8.4 km),Keele and Bloor ,"Toronto, ON",100,Karen L.,Entertainment
12/15/2024,11:00:00-05:00,Weaving through the Waterfront + Christmas market (14.5 km),845 King St W ,"Toronto, ON",100,David H.,Entertainment
12/14/2024,19:30:00-05:00,Ho Ho Ho! Countdown to xmas folks. We hope to see a LOT of you!,2 Villiers St ,"Toronto, ON",129,Sherry B.,Entertainment
12/12/2024,16:30:00-05:00,Agile Drinks,14 Duncan St ,"Toronto, ON",29,Trish and 3 others,Entertainment
12/14/2024,11:00:00-05:00,Code Diversity Monthly Coffee Chats,37 Baldwin St ,"Toronto, ON",20,Niki and Thannia B.,Entertainment
12/15/2024,11:00:00-05:00,Dim sum at Casa Deluz,1571 Sandhurst Circle ,"Toronto, ON",16,Greg F.,Entertainment
12/21/2024,14:00:00-05:00,A walk in Distillery Winter Village (Christmas market),220 Yonge St Unit # 2117 ,"Toronto, ON",39,Sam,Business
12/25/2024,12:00:00-05:00,Chinatown 0 and Chinatown 1 (5.1 km),100 Queen Street West ,"Toronto, ON",42,David H.,Entertainment
12/28/2024,20:00:00-05:00,Meet 'n Chill for Tech Talk - Holiday Edition,4854 Yonge St ,"North York, ON",22,Adele,Entertainment
12/7/2024,13:15:00-05:00,Christmas Concert,Yonge Street & St. Clair Ave. ,"Toronto, ON",53,Felice .,Entertainment
12/11/2024,18:30:00-05:00,"December Storytell Social: gather, share, connect.","333 Bloor st west Toronto, ","Toronto, ON",10,Tribe T.,Entertainment
12/14/2024,11:00:00-05:00,A winter walk through some great chocolate shops in Toronto,65 Front Street West ,"Toronto, ON",35,Mohan,Entertainment
12/12/2024,18:30:00-05:00,DesignX Holiday Edition - Toronto,483 Queen St W 3rd floor ,"Toronto, ON",13,DesignX C. and Preet,Entertainment
12/10/2024,19:00:00-05:00,Soire en franais au Madison Pub,14 Madison Ave ,"Toronto, ON",58,Pierre and EmilyM,Entertainment
12/15/2024,09:30:00-05:00,TORONTO Japanese and English Language Exchange meeting! ,450 Dupont St ,"Toronto, ON",44,Shun S. and 3 others,Business
12/8/2024,12:00:00-05:00,Level Up Talks: Self actualization,Online,Online,250,Ursula .,Entertainment
12/14/2024,11:00:00-05:00,Shut Up & Write! in West Queen West [1.5 hrs],1115 Queen St W ,"Toronto, ON",12,Anna A. and Peter M.,Entertainment
12/14/2024,18:00:00-05:00,2024  Year end Party 2024,Online,Online,46,Emiko T. and 2 others,Entertainment
12/10/2024,17:00:00-05:00,"AI Meetup (December): AI, GenAI, LLMs and ML","111 Richmond St W, Suite 5 ","Toronto, ON",13,April,Entertainment
12/21/2024,13:30:00-05:00,Retail therapy east: Crescent Town to Golden Mile (9.6 km),Toronto,"Toronto, ON",43,David H.,Entertainment
12/8/2024,18:00:00-05:00,AI + Human Flourishing Weekly Meetup,50 Portland Street ,"Toronto, ON",7,Mario G.,Entertainment
12/9/2024,19:00:00-05:00,What is Time?,Online,Online,137,Randy M. and Melissa,Other
12/8/2024,14:45:00-05:00,Just a Winter Walk in the East End,10 Linsmore Crescent ,"Toronto, ON",35,Max C.,Entertainment
12/21/2024,11:00:00-05:00,Weekend Brunch for Ladies Over 50 Bread and Butter Restaurant,507 Mount Pleasant Road ,"Toronto, on",20,Esther,Entertainment
12/21/2024,19:00:00-05:00,Christmas Party and Alex's RetirementLast Dance -  The Duke - 10 cover,1225 Queen Street East ,"Toronto, on",94,Alex S.,Entertainment
12/14/2024,10:15:00-05:00,December Book Club - Crying in H Mart,111 Richmond Street West ,"Toronto, ON",40,Chelsea P.,Entertainment
12/7/2024,21:00:00-05:00,The Ultimate Mix & Mingle Pub Party! (Saturday December 7th),3185 Yonge street,"Toronto, ON",93,Steve,Entertainment
12/11/2024,17:30:00-05:00,Excel as THE Engine for Data Consolidation and Publishing  ick Moffat,Online,Online,82,Celia A. and Gr谩inne D.,Entertainment
12/7/2024,13:00:00-05:00,IN-PERSON Saturday Meeting!,54 Dundas St E ,"Toronto, ON",12,Justin .,Entertainment
12/7/2024,13:00:00-05:00,Saturday Writing Meetup  near Bloor-Yonge,131 Avenue Road ,"Toronto, ON",15,Kate R. and Sara P.,Entertainment
12/14/2024,09:30:00-05:00,Hands-on Hugging Face  - IN-PERSON TORONTO LLM WORKSHOP,"40 Orchard View Blvd,  ","Toronto, on",15,Myles,Entertainment
1/1/2025,13:00:00-05:00,An Elegant New Year Day Brunch at the Historic Fairmont Royal York Hotel,100 Front St W ,"Toronto, ON",6,Teresa .,Entertainment
12/10/2024,12:00:00-05:00,Dave Snowden - Sole Fide,Online,Online,169,Jocko S.,Entertainment
12/5/2024,19:00:00-05:00,French at the Royal Conservatory,273 Bloor St W ,"Toronto, ON",20,Joshua B.,Entertainment
12/31/2024,19:30:00-05:00,New Year's Eve Dance Party  The Old Mill,21 Old Mill rd ,"toronto, ON",44,Peter F.,Entertainment
12/9/2024,18:00:00-05:00,[REPOST] 2024 Crypto Christmas Party,291 King St W ,"Toronto, ON",13,Lawrence L.,Entertainment
12/25/2024,18:00:00-05:00,Orphans Holiday dinner  (~25),142 Cumberland Street ,"Toronto, ON",12,Katy,Entertainment
12/9/2024,20:00:00-05:00,Data Engineers in Toronto Monthly Meeting,Online,Online,86,Michael O.,Business
12/7/2024,18:00:00-05:00,Saturday Evening Skate at Trinity Bellwoods Park,155 Crawford St ,"Toronto, ON",18,Eliza,Entertainment
12/11/2024,18:00:00-05:00,Value Investing Toronto ONLINE,Online,Online,40,Mauricio H.,Entertainment
12/8/2024,13:00:00-05:00,HIGH PARK STROLL AND COFFEE,200 Parkside Dr ,"Toronto, ON",17,Cindy,Entertainment
12/13/2024,15:00:00-05:00,"Happy Hour  Parcheggio - Friday, December 13th, 2024 at 3 PM",2901 Bayview Ave ,"North York, ON",14,Esther,Entertainment
12/14/2024,12:00:00-05:00,Hike: Rouge park & Beare hill Summit,7 Twyn Rivers Drive ,"Toronto, ON",24,Jonathan and Maleeha,Entertainment
12/12/2024,18:00:00-05:00,Flash Fiction & New Friends,"585 Church St, ","Toronto, ON",10,Kit K.,Entertainment
12/14/2024,08:15:00-05:00,Niagara Falls - Winter Festival of Lights by 10 roundtrip GO Train,100 Front Street West ,"Toronto, ON",34,Nick,Entertainment
12/23/2024,18:00:00-05:00,Startups & Investors Networking Toronto (120 in-person),1915 Yonge street ,"Toronto , ON",12,Nikita D.,Entertainment
12/13/2024,12:30:00-05:00,Turn PowerShell Into Your Excel Automation Machine - Doug Finke,Online,Online,141,Doug F.,Entertainment
12/7/2024,10:30:00-05:00, Beginner Japanese Event! ,"4841 Yonge St., Toronto, ON ","Toronto, ON",37,Rudo  and Momo,Entertainment
12/27/2024,19:00:00-05:00,Toronto Vegan Drinks - December Holiday Edition - Celebrate the Season!,1450 Danforth Ave ,"Toronto, ON",24,VeganBahar and 2 others,Entertainment
12/11/2024,19:30:00-05:00,In Person - Wednesday DIYBIO Meetup!,1677 St Clair Ave W ,"Toronto, ON",6,Madlab and Rana,Entertainment
12/19/2024,18:15:00-05:00,Dinner with Live Music    The Drake (new date Thur DEC 19),1150 Queen Street West ,"Toronto, ON",18,Shay-Zee,Entertainment
12/12/2024,17:00:00-05:00,Montral Python  MP109 Event,1501 Rue de Bleury - 6e ,Online,121,M茅lanie G. and Noel R.,Entertainment
12/12/2024,18:00:00-05:00,Toronto Real Estate Panel Discussion: 2024 Recap & 2025 Market Outlook,181 Bay St. Suite 3420 ,"Toronto, ON",30,Alex R.,Entertainment
12/14/2024,14:00:00-05:00,Toronto 3D Printing Maker Cafe,1052 Bloor Street West ,"Toronto, on",8,Peter L. and Christopher C.,Entertainment
12/8/2024,15:00:00-05:00,"FRENCH Conversation Group - RICHMOND HILL (18+) (IN-PERSON, FREE)",9555 Yonge St #6 ,"Richmond Hill, ON",20,Rob / P.,Entertainment
12/23/2024,19:00:00-05:00,Ubuntu Toronto Meetup,175 bloor street east ,"Toronto, ON",15,Peter P.,Entertainment
12/14/2024,13:00:00-05:00,Monthly Board Game Meetup!!,1398 Danforth Ave ,"Toronto, ON",15,Rasheed,Entertainment
12/7/2024,13:00:00-05:00,Dupont Morning Code,"450 Dupont Street, ","Toronto, ON",7,Tim P.,Entertainment
12/13/2024,20:00:00-05:00,"Girl, Let's Pray",Online,Online,146,Benies,Entertainment
12/10/2024,19:30:00-05:00,Make friends & BlaBla Language Exchange Toronto,303 Augusta Ave ,"Toronto, ON",47,BlaBla Language E.,Entertainment
12/8/2024,12:00:00-05:00,"Determinism, swerves, and the relationship between metaphysics and ethics",Online,Online,111,Massimo and 2 others,Entertainment
12/18/2024,19:00:00-05:00,Video Game Development Discussion,4841 Yonge St. ,"Toronto, ON",9,Adele,Entertainment
12/29/2024,13:30:00-05:00,*NAME THAT TUNE*  (Music and Memories) (Sunday December 29th),3185 Yonge street  ,"Toronto, ON",20,Steve,Entertainment
12/7/2024,18:00:00-05:00, Turkish dinner: Turquoise Grill House (vegetarian options!),"431 Richmond St W, Toronto, ON M5V 1X9, ","Toronto, ON",8,Katy,Entertainment
12/6/2024,19:00:00-05:00,Let's go to - Midnight Arcade,158 Augusta Ave ,"Toronto, ON",10,Grace D.,Entertainment
12/14/2024,18:30:00-05:00,UNA CENA CON DEGLI AMICI  A DINNER WITH FRIENDS,440 Bloor St W ,"Toronto, ON",16,Carlo D.,Entertainment
12/12/2024,18:00:00-05:00,Starting and Building a Career in Data I BrainStation Tech Event,482 Front St W ,"Toronto, ON",4,BrainStation New Y.,Entertainment
12/6/2024,12:00:00-05:00,Life Cycle of gile Power Tower. EoL Expectations. Alternatives.,Online,Online,107,Gene G.,Business
12/22/2024,16:00:00-05:00,December Holiday Recital!,155 Walnut Avenue M6J 3W3 ,"Toronto, ON",16,Prasa,Entertainment
12/11/2024,18:30:00-05:00,ROM Talks:  Climate Change on Human Health  (FREE--ticket required),100 Queen Park ,"Toronto, ON",45,Greg,Entertainment
12/23/2024,18:00:00-05:00,Startup Pitch & Networking Toronto,1915 Yonge street ,"Toronto , ON",8,Nikita D.,Entertainment
12/10/2024,12:00:00-05:00,Power BI et Excel 365 : Dcouvrez les nouveauts apprcies par nos experts,Online,Online,90,Audr茅e P. and 3 others,Other
12/18/2024,19:00:00-05:00,Practical Philosophy Meetup - Toronto ,1184 Queen St W ,"Toronto, ON",11,Jeffrey M.,Entertainment
12/7/2024,19:00:00-05:00, Mai's (meetup hostorganizer) Birthday Bash at Midnight Arcade!!! ,158 Augusta Ave ,"Toronto, ON",16,T,Entertainment
12/13/2024,18:00:00-05:00,Marketing Your Small Business: Tailored Strategies for Your Niche,"2nd floor, 65 West Beaver Creek, Richmond Hill ","Toronto, ON",13,Rahim R. and Maryam M.,Entertainment
12/13/2024,18:30:00-05:00,Friday Evening Skate at Dufferin Grove,875 Dufferin Street ,"Toronto, ON",15,Eliza,Entertainment
12/23/2024,18:00:00-05:00,Tech & Business Networking Toronto,1915 Yonge street ,"Toronto , ON",10,Nikita D.,Entertainment
12/11/2024,19:00:00-05:00,TorontoBabel Language & Cultural Exchange Night - MADISON PUB,14 Madison Ave ,"Toronto, ON",26,Terry G. and 2 others,Entertainment
12/8/2024,11:00:00-05:00,Let's Do Brunch at Pickle Barrel - Yorkdale,Dufferin St ,"Toronto, ON",15,Mirella,Entertainment
12/15/2024,12:45:00-05:00,Holiday Brunch   HOTHOUSE - BEST BRUNCH BUFFET IN TORONTO!,35 Church St ,"Toronto, ON",15,Mathew,Entertainment
12/12/2024,17:30:00-05:00,BrowserStack QA Meetup - December,Online,Online,49,BrowserStack and sandeep,Entertainment
12/12/2024,19:00:00-05:00,Practical Philosophy Meetup - Toronto ,1184 Queen St W ,"Toronto, ON",12,Jeffrey M.,Entertainment
12/28/2024,20:30:00-05:00,Saturday night networking & marketing,4750 Yonge St ,"Toronto, ON",12,Ric,Entertainment
12/13/2024,12:00:00-05:00,"Managing AI: Turning Data, Drama, Deadlines into Deliverables, w Bob Schatz",Online,Online,97,Gene G.,Entertainment
12/26/2024,09:30:00-05:00,Urban Walk: Annual TBTC Boxing Day Hike,Jack Layton Ferry Terminal ,"toronto, ON",10,Toronto Bruce Trail C. and Tom,Entertainment
12/15/2024,15:00:00-05:00,SWaNK Holiday CookieTreat Exchange!    ,2 Bloor Street East ,"Toronto, ON",15,Katy,Entertainment
12/19/2024,19:00:00-05:00,Season of Microsoft AI - Copilots,Online,Online,54,NorthTorontoUG.com and Jack,Entertainment
12/7/2024,19:00:00-05:00,Fast Friending - Meet ladies & gents FAST! (21-35Drink OfferBring Lady FREE),2827 Dundas St W ,"Toronto, ON",15,Susi and 2 others,Entertainment
12/8/2024,13:00:00-05:00,Sunday Shut Up & Write! in Sheppard-Yonge,"4771 Yonge Str North York, ON M2N5M5 ","Toronto, ON",5,Sijin,Entertainment
12/16/2024,18:30:00-05:00,TRIVIA NIGHT  AXIS CAFE!! (Dundas Street West) 5 meetup fee - Even More Prizes,3048 Dundas St W ,"Toronto, ON",16,Alex S.,Entertainment
12/8/2024,18:00:00-05:00,Vegan Hot Pot at Flower Lantern Vegetarian Restaurant,"2437 Finch Ave W, 1 ","Toronto, ON",24,Michelle,Entertainment
12/6/2024,17:00:00-05:00,TGIF trader & investor's drinking club,"130 Dundas St. W. just west of Bay, 2nd Flr, ","Toronto, ON",8,Jonathan,Entertainment
12/10/2024,19:30:00-05:00,Motion: Free Will is an Illusion,60 Lowther Avenue ,"Toronto, ON",15,Toronto Debating S.,Entertainment
12/7/2024,12:00:00-05:00,Twisted Quantum Logic,Online,Online,44,Il Young C.,Business
12/8/2024,11:00:00-05:00,Toronto East Weekend Gaming  Face-to-Face Games,1398 Danforth Ave ,"Toronto, ON",12,Naser C.,Entertainment
12/15/2024,13:30:00-05:00,Canadian Contemporary Dance Theatre: WinterSong ( Harbourfront Fleck),207 Queens Quay West ,"Toronto, ON",13,Greg,Entertainment
12/17/2024,19:00:00-05:00,December's Book: The Seven Husbands of Evelyn Hugo & Holiday Book Exchange!,39 Prince Arthur Ave ,"Toronto, ON",44,Melis T.,Entertainment
12/14/2024,18:00:00-05:00,Queer Gayme Dive,1306 Bloor St W ,"Toronto, ON",15,Jai and Toronto G.,Entertainment
12/22/2024,16:00:00-05:00,~Let's go to the Movies~ SONIC THE HEDGEHOG 3,Yonge and Dundas ,"Toronto, ON",8,Emma,Entertainment
12/23/2024,19:00:00-05:00,Toronto Dating Group Chat,Online,Online,49,Error,Entertainment
12/9/2024,18:30:00-05:00,AFCA Toastmasters Holiday Party,45 Davenport Road ,"Toronto, ON",12,AFCA Toastmasters C.,Entertainment
12/9/2024,18:00:00-05:00,Free event. DowntownPATH walk to Distillery Winter Village (Christmas Market),16 Wellesley St E ,"Toronto, ON",15,Nick,Entertainment
12/7/2024,14:00:00-05:00,TORONTO: Meet in Library and Practice English (Sat. 2 PM),"789 Yonge Street toronto, on, m4w 2g8 ","Toronto, ON",20,Tom P.,Entertainment
12/27/2024,19:00:00-05:00,Free Clearing Out Energy You've Picked Up That's Not Yours Online,VIRTUAL ,"Toronto, ON",8,Diane Y.,Entertainment
12/10/2024,18:45:00-05:00,Casual language exchange Japanese and English(boardgames),789 Yonge St ,"Toronto, ON",15,KOKI W. and Lena L.,Entertainment
12/7/2024,17:00:00-05:00,Beer and Casual Board Games in Toronto,579 St Clair Ave W ,"Toronto, ON",14,Yaroslav,Entertainment
12/15/2024,11:00:00-05:00,PICKLE BARREL  Brunch andor Lunch,2300 Yonge St ,"Toronto, ON",16,Cindy,Entertainment
12/7/2024,21:00:00-05:00,The Ultimate Mix & Mingle Pub Party! (Saturday December 7th),3185 Yonge street  ,"Toronto, ON",72,Steve,Entertainment
12/7/2024,20:00:00-05:00,Frank Sinatra's Birthday Celebration - Music History Livestream,Online,Online,209,Robert K. and Robert K.,Entertainment
12/18/2024,16:00:00-05:00,Another IN-PERSON Get Together! From 4:00pm,3 Park Home Ave ,"Toronto, ON",13,Betty M. and Mohsen K.,Entertainment
12/16/2024,17:00:00-05:00,"DIY Chill, Craft & Chat",425 Church St ,"Toronto, ON",12,Toronto G.,Entertainment
12/17/2024,12:00:00-05:00,Lunch & Learn: An Introduction to Survival Analysis in R,Online,Online,73,Shannon and Jenny L.,Business
12/7/2024,14:00:00-05:00,~Super Cool Movie Afternoon~ Let's Watch SONIC 1 & 2!,299 Roehampton Ave ,"Toronto, ON",10,Emma,Entertainment
12/8/2024,09:00:00-05:00,9AM Sunday  Morning Badminton  CA Badminton,"1370 Birchmount rd, unit 6 ","Scarborough, ON",23,Rick,Entertainment
12/7/2024,19:00:00-05:00,"Holiday Group Pictionary Social Game Night, Holiday Party & Comedy  100prizes",154 Danforth Ave ,"Toronto, ON",23,Dana T.,Entertainment
12/14/2024,14:00:00-05:00,"Dine (in the dark), Christmas (in a Castle) and Make it Rein(deer) comedy show","1 Austin Terrace, ","Toronto , ON",15,Danielle,Entertainment
12/9/2024,18:40:00-05:00,OBE Toastmasters: Public Speaking & Leadership (master communication skills),1 Bloor St E ,"Toronto, ON",10,Danuta S.,Entertainment
12/8/2024,15:00:00-05:00,Sunday Gayme Brew,"301 Lansdowne Av. Toronto, Ontario, ","Toronto, ON",7,Jai and Toronto G.,Entertainment
12/11/2024,20:00:00-05:00,The UFO Contactee Experience - An Opportunity for Sharing,Online,Online,43,Crystal C.,Entertainment
12/8/2024,16:00:00-05:00,Japanese-English Language Exchange   - In-Person Event,"5150 Yonge Street, street level  ","North York, ON",15,Sean,Entertainment
12/10/2024,16:30:00-05:00,Turning Crisis into Opportunity: Create Your Flight Plan for Success,Online,Online,40,Dave S.,Entertainment
12/22/2024,17:00:00-05:00,*Holiday Season Dinner Party* (Get To Know the Members) (Sunday December 22nd),3185 Yonge street  ,"Toronto, ON",32,Steve,Entertainment
12/12/2024,12:00:00-05:00,Left-Shift Analytics: Mastering Real-Time Power BI Dashboards in Microsoft Fabri,Online,Online,69,datadrivencommunity and 4 others,Entertainment
12/8/2024,13:00:00-05:00, []Sunday Language Exchange [IN PERSON] - December 8th128,540 College St UNIT 1 ,"Toronto, ON",1,Philip A.,Entertainment
12/18/2024,18:00:00-05:00,Friends of Reuse,720 Bathurst St. room 6 ,"Toronto, ON",4,Vince,Entertainment
12/17/2024,20:00:00-05:00,December Book Club - The Forgotten Witch,Online,Online,39,Jessie Antoine .,Business
12/21/2024,19:30:00-05:00,Christmas Dance Party  The Old Mill,21 Old Mill rd ,"toronto, ON",13,Peter F.,Entertainment
12/8/2024,14:00:00-05:00,Downtown Toronto French conversation meetup  Sunday afternoon,181 Bay St. ,"Toronto, ON",5,Selim O.,Entertainment
12/7/2024,16:00:00-05:00,Can Chinese Canadians from Different Origins and Migration Histories Relate?,20 Bay St. ,"Toronto, ON",7,Tony,Entertainment
12/7/2024,11:30:00-05:00,Saturday DIYBIO Workshop at the Reference Library! NB: Registration required.,789 Yonge Street ,"Toronto, ON",7,Madlab and Rana,Entertainment
12/7/2024,19:30:00-05:00,Language Exchange & Party & Social in Toronto,14 Madison Ave ,"Toronto, ON",36,Lena B.,Entertainment
12/7/2024,13:00:00-05:00,Little Women by Louisa May Alcott,181 Bay Street ,"Toronto, ON",27,Aashka,Entertainment
12/6/2024,18:30:00-05:00,Casual Board Games and Pub Social After,"30 Leeds St, Toronto, ON M6G 3R8 ","Toronto, ON",13,David and 2 others,Entertainment
12/14/2024,14:30:00-05:00,yapping about the cold weather while gripping a warm cup of coffee,"20 Bay St. Unit 108, Toronto, ON M5J 2N8 ","Toronto, ON",12,Erik,Entertainment
12/15/2024,14:30:00-05:00,2025 US Stock Market discussion,65 Front Street West ,"Toronto, ON",4,Jonathan,Entertainment
12/8/2024,12:00:00-05:00,"Monthly Book Club - December (Swiss Chalet, Richmond Hill)","Swiss Chalet 9350 Yonge St, Richmond Hill ","Richmond Hill, ON",9,Kai and Angie,Entertainment
12/6/2024,19:00:00-05:00,Kari-oke!,301 Lansdowne Ave ,"Toronto, ON",6,Toronto G.,Business
12/17/2024,14:00:00-05:00,JUST A COFFEE AND A CHAT AT 55 AVENUE ROAD,87 Avenue Road ,"Toronto, ON",8,Cindy and Mary C.,Entertainment
12/7/2024,12:00:00-05:00,Buddha's Vegan Restarant,666 Dundas St W ,"Toronto, ON",15,Sid K.,Entertainment
12/27/2024,18:00:00-05:00,HAT Get-Together,538 Church St ,"Toronto, ON",3,Catherine,Entertainment
12/20/2024,12:30:00-05:00,Happy Birthday ChatGPT: 2 Years of GenAI Magic and What Next,Online,Online,69,Doug F.,Entertainment
12/6/2024,21:00:00-05:00,Dinner at Mild Afro Lounge,1116 Dundas St W ,"Toronto, ON",5,Coach J.,Entertainment
12/8/2024,13:00:00-05:00,"English For Everyday - Sunday, Yonge and Bloor Station, Downtown, Toronto",2 Bloor Street East ,"Toronto, ON",30,Daniel,Entertainment
12/21/2024,13:00:00-05:00,Zo Rose - France Theoret,Online,Online,7,Masha,Other
12/10/2024,18:30:00-05:00,Casual Get Together ,2555 Victoria Park Ave ,"Scarborough, ON",8,Paul C.,Entertainment
12/7/2024,14:00:00-05:00,Social Sketch Saturdays,101 College St ,"Toronto, ON",20,Brandon and 3 others,Entertainment
12/12/2024,20:30:00-05:00,West Coast Swing L1 - L2,39 Glen Cameron Rd ,"Thornhill, ON",5,Galaxy,Entertainment
12/7/2024,13:00:00-05:00,"The Actor's Place - Learn, Rehearse & Practice Acting",819 Yonge St #3 ,"Toronto, ON",12,M.E. L. and Florian,Entertainment
12/10/2024,18:30:00-05:00,Are you Smarter than a Scottish Guy Trivia - One Eyed Jack's Richmond Street,"287 Richmond St W, Toronto, ON M5V 1X1 ","Toronto, ON",10,Steve L. and Michelle,Entertainment
12/8/2024,14:00:00-05:00,Online coping skills intro starting in December 8,Online,Online,38,Error,Entertainment
12/21/2024,19:00:00-05:00,TJEX Christmas Party 2024 [EN],175 Bloor St E ,"Toronto, ON",4,Error,Entertainment
12/9/2024,18:00:00-05:00,Toronto Content Design Inaugural Meetup,"789 Yonge St, Toronto, ON M4W 2G8 ","Toronto, ON",5,Peter L.,Entertainment
12/7/2024,16:00:00-05:00,On bavarde,4841 Yonge St ,"North York, ON",9,Ariel F.,Entertainment
12/19/2024,14:00:00-05:00,"Network, Connect & Masterminding Event for Women Entrepreneurs",Online,Online,10,Anna W.,Business
12/7/2024,18:45:00-05:00,Holiday Party & Gift Exchange  Mandarin!,2200 Yonge St.  ,"Toronto, ON",14,Mathew,Entertainment
12/7/2024,21:00:00-05:00,The Ultimate Mix & Mingle Pub Party!,3185 Yonge street  ,"Toronto, ON",63,Steve,Entertainment
12/10/2024,18:00:00-05:00,Startup Pitch & Networking Toronto (120 in-person),1177 Queen Street East ,"Toronto, ON",4,Nikita D.,Entertainment
12/11/2024,18:00:00-05:00,"Fear: Is it your friend, foe or both?",Online,Online,33,nawaz b.,Entertainment
12/31/2024,13:00:00-05:00,"Release, Reset, and Reignite Your Magic for the New Year",Online ,"Toronto, ON",103,Shiraz,Entertainment
12/7/2024,19:00:00-05:00,Social BallroomLatin + Samba Class,39 Glen Cameron Rd ,"Thornhill, ON",5,Galaxy,Entertainment
12/16/2024,19:00:00-05:00,Full Moon Reiki Infused Guided Meditation,Online,Online,60,Renee A.,Entertainment
12/11/2024,18:30:00-05:00,Wednesdays Shut Up & Write! at Balzac's - Reference Library,789 Yonge St ,"Toronto, ON",4,Sarah,Entertainment
12/6/2024,15:00:00-05:00,TBTC Club Day At MEC Downtown Toronto (Queen Street),400 King Street West ,"Toronto, ON",6,Tom and 2 others,Business
12/15/2024,13:00:00-05:00,In-Person Writing Sprints,101 College St ,"Toronto, ON",3,Michelle,Entertainment
12/12/2024,19:00:00-05:00,[in-person] Thursday Meditation - Yonge & Finch,"21 Hendon Avenue, North York ","Toronto, on",8,Sufi S.,Entertainment
12/14/2024,13:00:00-05:00,[CAS] EN-CH-JP-KR Language Exchange,4841 Yonge St ,"North York, ON",18,Calvin T. and 3 others,Entertainment
12/15/2024,19:30:00-05:00,Sunday PUB-NIGHTiNtuitive Banter  The Pint Public House,277 Front St W ,"Toronto, ON",4,B ... s.,Entertainment
12/20/2024,19:00:00-05:00,Wix Partners Holiday Hangout  Year-End Mixer,"620 King St W #101, M5V 1M6 ","Toronto, ON",15,Thomas D.,Entertainment
12/31/2024,21:00:00-05:00,WEIRD' New Year's Eve Dance Party with DJ's Lazarus & Osaze,1279 Queen St West ,"Toronto, on",5,DJ L.,Entertainment
12/14/2024,19:00:00-05:00,Fast Friending - Meet ladies & gents FAST! (18-35Drink OfferBring Lady FREE),2827 Dundas St W ,"Toronto, ON",6,Tanya D. and 3 others,Entertainment
12/11/2024,19:00:00-05:00,"Dueling Backpacks -- Cold Weather Hiking, Camping, Backpacking (Zoom)",Online,Online,70,Peg B.,Entertainment
12/8/2024,14:00:00-05:00,Personal Idea Retrospective 2024,101 College St ,"Toronto, ON",3,Sean A.,Entertainment
12/8/2024,15:00:00-05:00,Steve Flemming Presents: Love Will Find a Way! (Group Dating Game in the Pub),3185 Yonge street  ,"Toronto, ON",30,Steve,Entertainment
12/18/2024,19:00:00-05:00,Arts and Culture Social Mixer,627 King St W ,"Toronto, ON",12,Frank V.,Entertainment
12/7/2024,14:00:00-05:00,Biweekly ASL Social: Learn and Connect in Sign Language,789 Yonge St ,"Toronto, ON",6,Emilie G.,Entertainment
12/7/2024,10:00:00+11:00,In Person Toronto Gay Singles Mixer,"472 Queen St W, Toronto, ON M5V 2B2, Canada ","Toronto, ON",9,Tom,Entertainment
12/8/2024,13:00:00-05:00,Inaugural First Meeting!,131 Avenue Rd ,"Toronto , ON",6,Mark,Entertainment
12/14/2024,15:30:00-05:00,Zamenhof-festo,386 Yonge St ,"Toronto, ON",6,Jed M.,Entertainment
12/8/2024,14:00:00-05:00,TORONTO: Meet in Library and Practice English (Sun. 2 PM),"789 Yonge Street toronto, on, m4w 2g8 ","Toronto, ON",12,Tom P.,Entertainment
12/7/2024,14:00:00-05:00,Toronto North Weekend Gaming  Aristo At Avonshire,120 Harrison Garden Blvd ,"Toronto, ON",3,Error,Entertainment
12/5/2024,18:00:00-05:00,Real Estate Investors Club Christmas Party!,268 Sheppard Ave West ,"Toronto, ON",10,OREIC E.,Entertainment
12/21/2024,19:00:00-05:00,TJEX 2023 [JP],175 Bloor St E ,"Toronto, ON",4,manami and 3 others,Business
12/15/2024,19:00:00-05:00,Korean & English Exchange,"4841 Yonge St., Toronto, ON ","Toronto, ON",10,koentoronto,Entertainment
12/11/2024,20:00:00-05:00,Salsa Intermediate (L3-L4),39 Glen Cameron Rd ,"Thornhill, ON",4,Galaxy,Entertainment
12/14/2024,11:00:00-05:00, Board Games (Beginner Friendly)  Snakes & Lattes College St ,489 College St ,"Toronto, ON",5,Rahul .,Business
12/8/2024,11:00:00+11:00,In Person Toronto Singles Dinner for Gay Men,"472 Queen St W, Toronto, ON M5V 2B2, Canada ","Toronto, ON",8,Tom,Entertainment
12/7/2024,13:30:00-05:00,Spanglish - the Original,483 Bloor St W ,"Toronto, ON",3,Mikel and Beth K.,Entertainment
12/12/2024,18:30:00-05:00,Difficult conversations : how to discuss what matters most [in person],12 Cumberland St ,"Toronto, ON",10,Andrii,Entertainment
12/11/2024,18:00:00-05:00,[Wednesday North York Japanese-English Language Exchange]   - ,"5150 Yonge Street, street level  ","North York, ON",2,Benny and Sean,Entertainment
12/14/2024,20:30:00-05:00,Karaoke at The Shack,100 Symes Avenue ,"Toronto, ON",6,Steve L.,Entertainment
12/9/2024,11:00:00+11:00,In Person Toronto Speed Dating for Gay Men,"472 Queen St W, Toronto, ON M5V 2B2, Canada ","Toronto, ON",9,Tom,Business
12/10/2024,19:00:00-05:00,Festive Holiday Dinner or Drinks  Writers Room Bar - Dec 10  7pm,4 Avenue Road ,"Toronto, ON",6,Anna,Entertainment
12/22/2024,18:45:00-05:00,The Sunday Roast Club - Episode 2,121 Yorkville Ave ,"Toronto, ON",5,Shiv,Entertainment
12/8/2024,20:15:00-05:00,Indoor Tennis CompetitiveFun Doubles -Individual Groups 3.0+ - 4.5 NTRP,Chesswood ,"Toronto, ON",12,karen,Entertainment
12/7/2024,09:30:00-05:00,Founders Running Club :: Toronto,65 Front St W ,"Toronto, ON",7,Tim T. and 2 others,Entertainment
12/14/2024,19:30:00-05:00,Dance Party at the Grand Luxe Ballroom,3125 Bayview Ave ,"North York, ON",11,Peter F.,Entertainment
12/10/2024,12:00:00-05:00,[Online] Introduction to Git,Online,Online,64,Beryl K. and Reshama S.,Entertainment
12/15/2024,13:30:00-05:00,TFS Presents Lost Horizon (1937),1006c Bloor St W ,"Toronto, ON",5,Mark B.,Entertainment
12/9/2024,19:00:00-05:00,Fundamentals of System Design - Sesson 1 of 3,Online,Online,38,Raptor,Entertainment
12/14/2024,20:00:00-05:00,The Rich Tapestry of Renaissance Vocal Music,Online,Online,64,Thierry van B. and Corrine C.,Entertainment
12/7/2024,10:00:00-05:00,ESL Topic of the Week: Reading Pleasures and Tastes,Sheppard and Yonge ,"Toronto, ON",4,Nik .,Entertainment
12/14/2024,18:15:00-05:00,"Holiday Dinner at Parquet, a Michelin Guide Restaurant (Harbord Village)",97 Harbord St ,"Toronto, ON",3,Isabel,Entertainment
12/7/2024,10:00:00-05:00,All -level & Beginner Friendly  10 Drop In Saturday Morning  CA Badminton,"1370 Birchmount rd, unit 6 ","Scarborough, ON",10,Wendy,Entertainment
12/18/2024,18:30:00-05:00,Single for the Season: How to Have a Happy Holiday Alone,Online,Online,74,Lark E.,Entertainment
12/6/2024,19:00:00-05:00,RussianEnglish Exchange Downtown Toronto,"27 Wellesley St E  Toronto, ON M4Y 1G7 ","Toronto, ON",3,Oscar M.,Entertainment
12/8/2024,17:00:00-05:00,Let's discuss Ursula K. Le Guin's The Left Hand of Darkness,"557 Church St, ","Toronto, ON",22,Alan M.,Entertainment
12/6/2024,20:00:00-05:00,Singles Speed Dating and Mixer Meetups,Online,Online,74,Karen,Entertainment
12/9/2024,19:00:00-05:00,Rainbow Toastmasters Toronto,117 Bloor St E ,"Toronto, ON",3,District60,Entertainment
12/18/2024,19:00:00-05:00,Toronto Libertarian Pub Night,245 Eglinton Ave E ,"Toronto, ON",9,Jim M.,Entertainment
12/31/2024,20:00:00-05:00, GoodVibes New Year's Party 2025  Early Bird Tickets Available Now! ,University Ave @ King St W ,"Toronto, ON",54,Kynan b. and Pawel J.,Entertainment
12/12/2024,19:30:00-05:00,Gratitude and Growth,Online,Online,32,Luciana T.,Entertainment
12/7/2024,20:00:00-05:00,Good Old Fashioned British Pub Night  *No Meet Up Fee*,39 Prince Arthur Ave ,"Toronto, ON",8,Sam - Meet UP (AKA Samara R.,Entertainment
12/11/2024,19:00:00-05:00,"Get active, get social, get with Out & Out  Club Info Night",Online,Online,30,Out & Out M.,Entertainment
12/7/2024,14:00:00-05:00,Leisure Nature Social Walk (Gardens & Blythwood Ravine) (with Cozy Pub After),3080 Yonge Street ,"Toronto, ON",28,Steve,Entertainment
12/15/2024,20:00:00-05:00,Single To Soulmate!' - 90 Minute Free Masterclass for Women,Online,Online,40,Deb M.,Business
12/21/2024,19:00:00-05:00,Festive Fast Friending: Ladies & Gents!(21-49sHostedCAD 10) FREE LADY GUEST,2827 Dundas St W ,"Toronto, ON",6,Tanya D. and Isabella R.,Entertainment
12/28/2024,19:30:00-05:00,The Holiday Season Pub Night Celebration (Saturday December 28th) (Duke of Kent),2315 Yonge Street ,"Toronto, ON",24,Steve,Entertainment
12/17/2024,18:00:00-05:00,Git out of trouble: how to recover from mistakes,Online,Online,29,Max Y. and Dave L.,Entertainment
12/10/2024,18:15:00-05:00,Break-up support group.  Only women.,789 Yonge St ,"Toronto, ON",3,Amy R.,Entertainment
12/10/2024,19:00:00-05:00, Pool and Drinks Social  Dundas West Shoxs Billiard Lounge ,2827 Dundas St. W. ,"Toronto, ON",7,Dean R. and Zak A.,Entertainment
12/8/2024,13:00:00-05:00,Just Chilling: Social Club (York Mills Centre: Food Court),"16 York Mills Rd, ","North York, ON",6,Adrian,Entertainment
12/11/2024,18:00:00-05:00,Chat About Travel,Online,Online,83,Lorraine W.,Entertainment
12/8/2024,15:30:00-05:00,France under Napoleon Bonaparte,200 Redpath Ave ,"Toronto, ON",3,Yanjie D.,Business
12/6/2024,19:00:00-05:00,*NEW* 2024-25 Meetup Fundraiser  - We Need Your Support!,Online,Online,3,Benny and 2 others,Entertainment
12/12/2024,19:00:00-05:00,All Things Generative AI on Google Cloud,Online,Online,53,AJ,Business
12/31/2024,13:00:00-05:00,Toronto Maple Leafs vs New York Islanders (NHL Game),40 Bay Street ,"Toronto , on",2,Shawna,Entertainment
12/6/2024,10:00:00-05:00,15 off MEC & TBTC Club Day  MEC North York,784 Sheppard Ave E ,"Toronto, ON",7,Toronto Bruce Trail C. and 2 others,Entertainment
12/9/2024,16:00:00-05:00,Theresa Lee: Toward a Livable World,"15 Devonshire Place, University of Toronto ","Toronto, on",9,TPM,Entertainment
12/20/2024,20:00:00-05:00,Musicians Networking Meet  Xmas Party,4854 Yonge St ,"North York, ON",15,Adele,Entertainment
12/14/2024,20:00:00-05:00,PUB NIGHT AFTER DARK  (Yonge and Eglinton) (Saturday December 14th),130 Eglinton Ave. East ,"Toronto , ON",28,Steve,Entertainment
12/18/2024,19:00:00-05:00,Deutscher Stammtisch,39 Prince Arthur Ave ,"Toronto, ON",3,Robert Q.,Entertainment
12/6/2024,18:00:00-05:00, Black Flag monthly meetup,"56 the  Esplandale, Toronto, 56 the esplandale, Toronto ","Toronto, ON",4,Al M.,Entertainment
12/9/2024,15:00:00-05:00,TORONTO: Meet in Cafe and Practice English (Mon. 3 PM),2432 Bloor Street West ,"Toronto, ON , ON",9,Tom P.,Entertainment
12/8/2024,15:00:00-05:00,Republic of Rathnelly: Independence from Toronto (LAST RATHNELLY TOUR),230 St Clair Ave W ,"Toronto, ON",11,Harley Karulis .,Business
12/7/2024,21:00:00-05:00,The Ultimate Mix & Mingle Pub Party!,3185 Yonge street  ,"Toronto, ON",55,Steve,Entertainment
12/7/2024,20:00:00-05:00,Fast Dating and Modern Relationships,Online,Online,35,Joao M. and Jameshia M.,Entertainment
12/8/2024,18:30:00-05:00,Book Club Holiday Party!,"557 Church St, ","Toronto, ON",13,Jonathan W. and Alan M.,Entertainment
12/12/2024,19:00:00-05:00,"Web 3.0: Exploring DAOs, NFTs, Cryptos, and RWAs",Online,Online,32,Marilyn T. and Zed,Entertainment
12/7/2024,19:00:00-05:00,15 Saturday Night 7 PM-10 PM Drop In & Free lesson  CA Badminton,"1370 Birchmount rd, unit 6 ","Scarborough, ON",9,Alfred L. and Wendy,Entertainment
12/19/2024,18:30:00-05:00,Deer Park Toastmasters IN-PERSON Meeting (Guests welcome),"40 St Clair Ave E, St. Clair subway station ","Toronto, ON",1,Deer Park Toastmasters - VP P.,Business
12/7/2024,10:00:00-05:00,Psychic Medium Catherine,Online,Online,30,Rev. Catherine M.,Entertainment
12/20/2024,20:00:00-05:00,"Mix, Mingle and Movie Night! (Friday December 20th) (Yonge and Eglinton)",2300 Yonge Street ,"Toronto, ON",25,Steve,Entertainment
12/8/2024,15:00:00-05:00,Sonny's Blues by James Baldwin (short story),1 Trinity St ,"Toronto, ON",12,Aida K.,Entertainment
12/14/2024,18:00:00-05:00,Open Jam Night,116 Bond St ,"Toronto, ON",6,Glen A.,Entertainment
12/10/2024,17:30:00-05:00,North York Boardgaming,89 Church Ave. ,"North York, ON",5,Hari Z.,Entertainment
12/6/2024,19:00:00-05:00,Friday Evening Meditation at University of Toronto,569 Spadina Ave. ,"Toronto, ON",5,Keith B.,Entertainment
12/10/2024,18:50:00-05:00,Grow Your Leadership & Communication Skills with Blossoming Voices Toastmasters,Toronto,"Toronto, ON",2,Cdapanda and Monti,Business
12/11/2024,18:30:00-05:00,[CAS] ENG x JP Language Exchange (!),101 College St ,"Toronto, ON",4,Calvin T. and 2 others,Entertainment
12/11/2024,19:00:00-05:00,Drop-In Board Game Designer Night  The Black Pony in East End Toronto,1481 Gerrard St E ,"Toronto, ON",3,Emilie D. and Jeremy P.,Entertainment
12/12/2024,18:30:00-05:00,Deer Park Toastmasters IN-PERSON Meeting (Guests welcome),"40 St Clair Ave E, St. Clair subway station ","Toronto, ON",1,Deer Park Toastmasters - VP P.,Business
12/10/2024,19:00:00-05:00,Council of Solace  Open Meeting,Online,Online,8,Helen M.,Entertainment
12/5/2024,21:30:00-05:00,Rumba L1 - L2,39 Glen Cameron Rd ,"Thornhill, ON",4,Galaxy,Entertainment
12/25/2024,19:00:00-05:00,Welcome to the Community of Spiritual Seekers,Online,Online,5,Community of Spiritual S.,Entertainment
12/13/2024,20:00:00-05:00,Let's see The Master Plan at Soulpepper theatre 85 & get a bitedrink after,"55 Mill Street, Building 49, 55 Mill Street, Building 49 ","Toronto, ON",13,Liz and 3 others,Entertainment
12/9/2024,18:00:00-05:00,The Future of the Visual Practice,Online,Online,53,Brian T. and Sarah S.,Entertainment
12/21/2024,18:30:00-05:00,20 off Candlelight Christmas Special - Nutcracker and More (Gerrard Logan),115 Simpson Avenue ,"Toronto, ON",3,Isabel,Entertainment
12/10/2024,17:30:00-06:00,Nx for Small Angular Projects,200 E Randolph St ,"Chicago, IL",73,Heather S.,Entertainment
12/8/2024,11:00:00-05:00,Ultimate Hot Chocolate Tour Of Toronto (Walk)!,789 Yonge St ,"Toronto, ON",12,Mathew,Entertainment
12/19/2024,19:00:00-05:00,Christmas Lights of Toronto: Rosedale (RETURN FOR A 4TH SEASON),Toronto,"Toronto, ON",18,Harley Karulis .,Business
12/11/2024,17:00:00-05:00,ONLINE: Monthly Workshop on AI and Marketing,Online,Online,57,Richard F. and Elsa B.,Entertainment
12/12/2024,18:30:00-05:00,[CAS] ENG x MANDARIN Board Game Exchange (x),101 College St ,"Toronto, ON",3,Ark  S. and Jeff T.,Entertainment
12/28/2024,19:00:00-05:00,Global Speed Dating,Online,Online,58,Abto A.,Entertainment
12/15/2024,19:00:00-05:00,Christmas Lights of Toronto: Yorkville! (RETURN FOR 2024),22 Yorkville Ave ,"Toronto, ON",11,Harley Karulis .,Business
12/15/2024,15:00:00-05:00,INTERMEDIATE+ Indoor Volleyball,"75 Carl Hall Road, Unit 2 ","Toronto, ON",12,Eric Y.,Entertainment
12/10/2024,19:15:00-05:00,Let's play Euchre,8950 Yonge Street ,"Richmond Hill, ON",4,Martin,Entertainment
12/11/2024,18:00:00-05:00, BOARD GAMES & BEYOND  SLOW DATING SOCIAL FREE DRINKFOODFUN & HOST,192 Spadina Ave. ,"Toronto, ON",7,Colourful & Creative C. and Rachel R.,Entertainment
12/14/2024,19:00:00-05:00,lets go to Frost Bite!,58 Cecil Street ,"Toronto, ON",5,Blooom,Entertainment
12/17/2024,19:00:00-05:00,Almost Jeopardy  Collective Arts,777 Dundas Street West ,"toronto, ON",5,Steve L.,Business
12/7/2024,17:30:00-05:00,(Free Event) Celebrate our book club in 2024 (RSVP if attended 1 past event),11 Lower Jarvis St Units 5-8 ,"Toronto, ON",7,Mohan,Business
12/19/2024,12:00:00-05:00,Empowering Data Integration and Analytics with AI in Microsoft Fabric,Online,Online,49,datadrivencommunity and 4 others,Business
12/21/2024,19:00:00-05:00,**FAMILY FEUD- The Late Late Night Edition** (For Adults-Plenty of Laughs!),3185 Yonge street  ,"Toronto, ON",26,Steve,Entertainment
12/10/2024,10:00:00-05:00,ESL Practice and Support,100 Old Orchard Grove ,"Toronto, ON",7,"St Timothy's Anglican Church, N.",Entertainment
1/2/2025,12:00:00-05:00,Revolutionizing Data Engineering & Analytics with Agentics AI - Jean Joseph,Online,Online,46,datadrivencommunity and 4 others,Entertainment
12/9/2024,18:30:00-05:00,EAST END SKATE - McCowan Skating Trail,150 McCowan Road ,"Scarborough, ON",3,Eliza,Entertainment
12/30/2024,15:00:00-05:00,Trans-Siberian Orchestra - Live (1 ticket remains),40 Bay Street ,"Toronto , on",4,Error,Entertainment
12/11/2024,19:30:00-05:00,Conversations with UX Hiring Managers,Online,Online,53,Josephine M. G. and Aurelia K.,Entertainment
12/7/2024,14:00:00-05:00,Saturday Board Gaming Social!,5313 Yonge St ,"North York, ON",10,Jung B.,Entertainment
12/6/2024,19:00:00-05:00,Toronto Dating Hub Singles Mixer + Live Dating Auction in Liberty Village,"107 Atlantic Avenue, M6K 1Y2, ","Toronto, ON",6,Andrea L.,Entertainment
12/15/2024,10:30:00-05:00,Touching the Face of God-Provincial ELS&S,2275 Bayview Ave ,"North York, ON",4,Azita M.,Entertainment
12/11/2024,16:00:00-05:00,8 v 8 Indoor game  The Hangar  Read Description to play ,75 Carl Hall Rd ,"North York, ON",3,Error,Entertainment
12/14/2024,13:30:00-05:00, Tabletop Frenzy: A Board Game Bonanza,14 Madison Ave ,"Toronto, ON",3,16BitMiker,Entertainment
12/9/2024,19:30:00-05:00,Monday Mischief - A Standup Comedy Show,171 College St ,"Toronto, ON",3,Darren L.,Entertainment
12/9/2024,18:00:00-05:00,"Play Pool, Make Friends, Have Fun in Downtown Toronto!",388 Spadina Ave. ,"Toronto, ON",9,Dean R. and Chris,Entertainment
12/16/2024,19:30:00-05:00,How to Read People - Become An Accurate Body Language Reader!,Online,Online,52,Simba N.,Business
12/15/2024,13:45:00-05:00,Midnights - December Meetup,789 Yonge Street ,"Toronto, ON",8,Chelsea P.,Entertainment
12/7/2024,13:00:00-05:00,Bollywood Workout Class,245 Sheppard Ave W unit 315-319 ,"Toronto, ON",2,Manali N.,Entertainment
12/16/2024,19:00:00-05:00,IQ versus EQ,Online,Online,35,Randy M. and Melissa,Entertainment
12/15/2024,13:00:00-05:00,"English For Everyday - Sunday, Yonge and Bloor Station, Downtown, Toronto",2 Bloor Street East ,"Toronto, ON",7,Daniel,Entertainment
12/10/2024,14:00:00-05:00,MIDTOWN TORONTO: Authentically Connecting for Female Entrepreneurs,"174 Eglinton Ave E, Toronto, ON M4P 1A6, Canada ","Toronto, ON",2,Ishani P.,Entertainment
12/12/2024,19:00:00-05:00,Gavel & Glass Toastmasters (in-person),1 Greenland Rd ,"North York, ON",1,Kevin L.,Entertainment
12/11/2024,18:00:00-05:00,BOARD GAMES & BEYOND  SOCIAL INNOVATORSARTISTS ~ FREE: DRINKFOODFUN & HOST,192 Spadina Ave. ,"Toronto, ON",4,Rachel R. and Colourful & Creative C.,Entertainment
12/7/2024,07:00:00-05:00,Trading week review,Online,Online,2,Jonathan,Entertainment
1/1/2025,18:30:00-05:00,"New Year, New Confidence: Embrace Your Authentic Self",Online,Online,51,Lark E.,Entertainment
12/7/2024,19:30:00-05:00,Small World Music:  Honeypaw (Music from FinlandLithuaniaBaltic!!)  20,180 Shaw Street ,"Toronto, ON",6,Greg,Entertainment
12/30/2024,19:00:00-05:00,System Design for Data Engineers - Sesson 3 of 3,Online,Online,27,Raptor,Business
12/8/2024,19:00:00-05:00,"Grab a Coffee & Make New Friends  Waterfront, Downtown, Toronto",55 Front St W Toronto ON M5J 1E6 Canada ,"Toronto, ON",9,Jay K.,Entertainment
12/16/2024,19:00:00-05:00,The Toronto Artist's Way Meetup Monthly Meetup,355 Danforth ,"Toronto, ON",3,Glendenning,Entertainment
12/12/2024,18:00:00-05:00,"English For Everyday - Thursday, North York Subway Station, Toronto",5140 yonge street ,"Toronto, ON",7,Daniel,Entertainment
12/14/2024,19:00:00-05:00,Blood Roses at La Rev,2848 Dundas St. West ,"Toronto, ON",3,rob y.,Entertainment
12/9/2024,19:00:00-05:00,8 v 8 Outdoor Game  St. Patrick SS  Read Description to play ,49 Felstead Ave ,"Toronto, ON",3,Error,Entertainment
12/7/2024,17:00:00-05:00, (Page for Japanese Speakers),595 Bay St. ,"Toronto, ON",1,鐩涢殕,Entertainment
12/12/2024,19:00:00-05:00,After-work Board Games,"2335 Yonge St.,  ","Toronto, ON",2,Sarah (Games & P.,Entertainment
12/7/2024,10:00:00-05:00,Learn techniques on how to control your anger,Online,Online,28,Justin T.,Entertainment
12/7/2024,16:30:00-05:00,Toronto Guitar School Student Showcase & Open House - Afternoon Show,116 Bond St ,"Toronto, ON",104,Glen A. and Zane S.,Entertainment
12/15/2024,19:00:00-05:00,December 2024 Game Night,Online,Online,46,Preston,Entertainment
12/11/2024,18:00:00-05:00,BOARD GAMES & BEYONDLANGUAGE EXCHANGEFREE: DRINKFOODFUNAFTER PARTY,192 Spadina Ave. ,"Toronto, ON",4,Rachel R. and Colourful & Creative C.,Entertainment
12/9/2024,07:00:00-05:00,Monday pre-market discussion,Online,Online,2,Jonathan,Entertainment
12/8/2024,13:00:00-05:00,Corgi Christmas Party at Sunnybrook Dog Park,1132 Leslie Street ,"Toronto, ON",6,Jasmine W. and 2 others,Business
12/13/2024,12:30:00-05:00,Intro to Coding: Building Your First App,Online,Online,45,Claudia F.,Entertainment
12/13/2024,19:00:00-05:00,Ghosts of Toronto! Friday the 13th Special Event (ONE DATE ONLY),Toronto,"Toronto, ON",6,Harley Karulis .,Entertainment
12/8/2024,13:00:00-05:00,Lets Talk Attachment,Online,Online,82,Tracy,Entertainment
12/15/2024,12:45:00-05:00,Holiday Brunch  HOTHOUSE - BEST BRUNCH BUFFET IN TORONTO!,35 Church Street ,"Toronto, ON",12,Mathew,Entertainment
12/8/2024,19:00:00-05:00,"***The Best Place to Make New Friends*** Coffee at Waterfront, Downtown, Toronto",88 Queens Quay West ,"Toronto, ON",3,Jay K.,Entertainment
12/8/2024,13:00:00-05:00,Vera Wong Unsolicited Advice for Murderers by Jesse Sultanto (Moreen pick),"100 Front Street East, N/E side of Front ST & Jarvis ","Toronto, ON",11,Dianne L.,Other
12/28/2024,19:00:00-05:00,Christmas Concert,Online,Online,2,Error,Entertainment
12/6/2024,16:00:00-05:00,M&A Cafe: Chill Out Session,1710 Avenue Road ,"Toronto, ON",2,Eryn and Jordan S.,Entertainment
12/12/2024,20:00:00-05:00,Thursday badminton 8pm-10pm at Epic Sports,39 Bertrand Ave ,"Toronto, ON",2,Christie Y.,Entertainment
12/9/2024,19:00:00-05:00,"FREE Vegan Conversational French, English, and Spanish Class!!",600 Bay St. ,"Toronto, ON",1,Dane R.,Entertainment
12/10/2024,18:30:00-05:00,Toronto Tabletop Roleplaying Game Society December Social,"292a Harbord St, ","Toronto, ON",1,Jordan S.,Entertainment
12/7/2024,13:00:00-05:00,Free Pranic Healing clinic,257 Eglinton Ave W suite 208 ,"Toronto, ON",2,pius k.,Entertainment
12/9/2024,21:00:00-05:00,12 Monday Night 9PM -12AM  CA Badminton,Online,Online,2,Wendy,Entertainment
12/8/2024,07:00:00-05:00,Beach Boardwalk Walk  & Lake Dip to Setup a Powerful Week Ahead! ,Boardwalk ,"Toronto, ON",1,Pooria J.,Entertainment
12/19/2024,19:00:00-05:00,Musicians Christmas Party  Offworld Bar ( tickets at tomusicians.com),Online,Online,3,Sina K. and Tochi O.,Entertainment
12/11/2024,19:00:00-05:00,Drop in DnD at Steadfast Brewery,301 Lansdowne Ave ,"Toronto, ON",1,Jordan S.,Entertainment
12/21/2024,19:00:00-05:00,World Solo Travelers and emigrates Pre Christmas social at Granite Brewery,"245 Eglinton Ave. East,  ","Toronto, ON",2,Omar,Entertainment
12/11/2024,14:00:00-05:00,St. Tim's Doors Open,100 Old Orchard Grove ,"Toronto, ON",1,"St Timothy's Anglican Church, N.",Entertainment
12/6/2024,19:30:00-05:00,Let's meet up for an online Bible Study...,Online,Online,1,Josephine,Business
12/10/2024,14:00:00-05:00,St. Tim's Doors Open,100 Old Orchard Grove ,"Toronto, ON",1,"St Timothy's Anglican Church, N.",Entertainment
12/11/2024,18:30:00-05:00,Jump the hump boardgames,"220 Roycal Crest Court, Unit 3 ","Markham, ON",1,Nathaniel T.,Entertainment
12/14/2024,10:15:00-05:00,Urban Walk: Humber RiverBlack Creek Trail,Jane St. & BLoor St. W ,"Toronto, ON",4,Tom and Toronto Bruce Trail C.,Entertainment
12/19/2024,20:00:00-05:00,Thursday badminton 8pm-10pm at Epic Sports,39 Bertrand Ave ,"Toronto, ON",1,Christie Y.,Entertainment
12/9/2024,19:00:00-05:00,Narcissistic Abuse Survivor Community Support Circle,Online,Online,35,Raye,Entertainment
12/19/2024,13:00:00-05:00,Hike: Bob hunter rouge park,7277 14th Ave East ,"Markham, on",1,run with B.,Entertainment
12/17/2024,19:30:00-05:00,ONLINE: Nutrition 101: Learn how food is used for health and healing,Online,Online,46,Amy T.,Entertainment
12/12/2024,12:00:00-05:00,Security Risk in AIML,Online,Online,41,Center for Applied A.,Business
12/9/2024,19:00:00-05:00,How To Get Rid of Social Anxiety!,Online,Online,60,Bett,Entertainment
12/16/2024,18:45:00-05:00,olstoy or Dostoevsky? - George Steiner,Online,Online,40,Waleed N. and Tina,Business
12/11/2024,18:00:00-05:00,Passive vs Active? Combining market intelligence&employee voice for what's ahead,"109 West 39th Street, New York, NY 10018 ","New York, NY",40,Jeremy S. and 4 others,Entertainment
12/8/2024,19:00:00-05:00,Jordan Peterson: We Who Wrestle With God,Online,Online,21,Leanna C.,Entertainment
12/23/2024,19:00:00-05:00,Advanced Topics in System Design - Sesson 2 of 3,Online,Online,22,Raptor,Business
12/14/2024,10:00:00-05:00,Loopy Sundays - Knit and Crochet Together,Online,Online,1,Sindhu M.,Entertainment
12/10/2024,17:55:00-05:00,How Technology and Robotics Can Help Solve the Housing Crisis with Nhung Nguyen,Online,Online,23,Carol-Ann L. and Hema D.,Entertainment
12/11/2024,19:00:00-05:00,Alaska Cruise (2026) - Online Information Session!,Online,Online,20,Mathew,Entertainment
12/11/2024,17:00:00-05:00,Cybersecurity for Beginners  Tools of the Trade,Online,Online,40,Flatiron S.,Entertainment
12/14/2024,12:00:00-05:00,Quantum Computing for Quantum Chemistry - Review UCC Methods and Adapt-VQE,Online,Online,19,Il Young C.,Business
12/10/2024,19:00:00-05:00,Grief Support Workshop: Navigating Transition & Healing,Online,Online,36,Alexis L W.,Entertainment
12/11/2024,12:00:00-05:00,1211 - Goldilocks and Agility: The Path to Just Right,Online,Online,42,Maggie S.,Entertainment
12/10/2024,19:00:00-05:00,js-montreal monthly meetup,Online,Online,38,Steve V. and 2 others,Business
12/10/2024,17:30:00-05:00,"AngularToronto Meetup - Casual Talk (Dec 10, 2024)",Online,Online,17,Sonu K. and Jaros艂aw 呕.,Entertainment
12/7/2024,11:00:00-05:00,Art Exhibition Review Club for Artists,Online,Online,18,Hooley,Entertainment
12/12/2024,17:00:00-05:00,Navigating Emotions: ADHD and Emotional Regulation,Online,Online,141,Nada P.,Entertainment
12/7/2024,19:00:00-05:00,Real Estate Investing Strategies for Short Term Rental Income,Online,Online,40,Raul A M.,Entertainment
12/8/2024,19:00:00-05:00,"Trivia Night (Sunday December 8, 2024)",Online,Online,34,Nick,Entertainment
12/11/2024,20:00:00-05:00,How to Build AI Skills For Your Career,Online,Online,46,Albert,Entertainment
12/9/2024,19:00:00-05:00,How to Be Less Negative and Become More Positive and Free,Online,Online,25,Carolina Rodr铆guez .,Entertainment
1/3/2025,18:00:00-05:00,"Ken Burns: The Civil War, Part 1 of 5 - Film History Livestream",Online,Online,134,Robert K. and Robert K.,Entertainment
12/6/2024,20:00:00-05:00,Abbas Kiarostami: Where Is the Friend House? (1987)  Movie Discussion,Online,Online,17,Darren,Entertainment
12/17/2024,19:00:00-05:00,LITFOF - Online Improv Fun!,Online,Online,16,Cam A.,Entertainment
12/14/2024,21:00:00-05:00,40-Minutes to a Cybersecurity Career: Expert Guidance & Insights,Online,Online,31,Clarusway Tech C.,Entertainment
1/10/2025,18:00:00-05:00,Looking at brainmagick and the paper behind it,Online,Online,188,Brian P. and rna2600,Entertainment
12/13/2024,19:30:00-05:00,Harry Potter and the Sorcerer's Stone (2001) Watch Party,Online,Online,38,Rose,Entertainment
12/10/2024,18:45:00-05:00,Web Dev Basics: Ask Anything,Online,Online,17,Les C.,Entertainment
12/11/2024,11:30:00-05:00,How can we better navigate the complexities of Dementia?,Online,Online,32,John H.,Entertainment
12/10/2024,19:00:00-05:00,Techniques To Erase Negative Emotion and Increase Self Confidence,Online,Online,48,Lucas L. and Bett,Entertainment
12/10/2024,20:00:00-05:00,o and Don'ts of Internet Dating,Online,Online,25,Deb M.,Entertainment
12/7/2024,11:00:00-05:00,Spiritual Laws Beyond the Law of Attraction (Zoom Discussion),Online,Online,21,Laura R. and Julie E.,Entertainment
12/8/2024,16:00:00-05:00,INTRO to NVC: Speak Peace with Compassionate Communication,Online,Online,32,Susanna W. and zach y.,Entertainment
12/18/2024,19:30:00-05:00,GitHub Fundamentals,Online,Online,35,Claudia F.,Entertainment
12/19/2024,19:00:00-05:00,Young Adults with ADHD,Online,Online,27,Nolan C. and 2 others,Entertainment
12/13/2024,19:30:00-05:00,Let Heal Together,Online,Online,42,Jeanny and Linda M.,Entertainment
12/6/2024,20:15:00-05:00,Discord Game Night: SketchHeads + Death By AI + Jackbox Games Trivia Party,Online,Online,20,Rose,Entertainment
12/18/2024,17:00:00-05:00,Data Science for Beginners  Intro to SQL,Online,Online,30,Error,Entertainment
12/9/2024,19:30:00-05:00,Portfolio Master Class for All (Virtual),Online,Online,30,Josephine M. G. and Aurelia K.,Entertainment
12/16/2024,19:00:00-05:00,Keto for Mental Health-Support Group,Online,Online,29,Donika .,Entertainment
12/11/2024,19:30:00-05:00,On-line Wednesday Sketching Practice Group,Online,Online,23,Mike B.,Entertainment
12/11/2024,19:00:00-05:00,Online Book Discussion,Online,Online,25,Tammy D.,Entertainment
12/7/2024,11:00:00-05:00,Sideways (2004) Film Discussion,Online,Online,32,Nick,Entertainment
12/7/2024,12:00:00-05:00,[NYC Stoics Reading Group] Demoralizing the Stoics,Online,Online,27,Greg,Entertainment
12/8/2024,13:00:00-05:00,Foucault Archaeology of Scientific Reason: Science and the History of Reason,Online,Online,17,Jen and Philip,Entertainment
12/15/2024,10:00:00-05:00,Loopy Sundays - Knit and Crochet Together,Online,Online,1,Error,Entertainment
12/10/2024,19:00:00-05:00,Dec History Bk Club Meeting-John Adams Part III by David McCullough,Online,Online,33,Dave K.,Entertainment
12/28/2024,10:00:00-05:00,Psychic Medium Catherine,Online,Online,14,Rev. Catherine M.,Entertainment
1/4/2025,11:00:00-05:00,Clueless (1995) Film Discussion,Online,Online,25,Nick,Entertainment
12/23/2024,19:00:00-05:00,Holiday Hangout,Online,Online,16,Randy M. and Melissa,Entertainment
12/19/2024,18:00:00-05:00,Trading Places (1983)- I won't have money to buy the GI Joe with the kungfu grip,Online,Online,22,B&K,Entertainment
12/26/2024,18:00:00-05:00,In Bruges (2008)  - Just try not to say anything too loud or crass.,Online,Online,22,B&K,Entertainment
12/11/2024,18:00:00-05:00,A Prophet (2009) - The idea is to leave here a little smarter. A WEDNESDAY!!,Online,Online,19,B&K,Entertainment
12/30/2024,19:00:00-05:00,Holiday Hangout,Online,Online,14,Randy M. and Melissa,Entertainment
12/11/2024,19:00:00-05:00,Live Differently Starts Here,Online,Online,13,Renee A.,Entertainment
12/28/2024,19:00:00-05:00,Online US Hindu and Sikh Singles Speed Dating,Online,Online,16,Abto A.,Entertainment
12/10/2024,19:30:00-05:00,ONLINE Intro to Natural Health and Healing Class,Online,Online,17,Amy T.,Business
12/19/2024,12:00:00-05:00,Managing the Uncertainty of the Exponential Technology Age,Online,Online,14,Center for Applied A.,Business
12/19/2024,12:30:00-05:00,Async & Promises: How Your TikTok Feed Works,Online,Online,13,Codesmith,Entertainment
12/18/2024,20:00:00-05:00,Open Mic Night!!,Online,Online,12,Crystal C.,Entertainment
12/28/2024,11:00:00-05:00,Don't Look Back (1967) Film Discussion,Online,Online,13,Nick,Entertainment
12/9/2024,19:30:00-05:00,Breaking Free from the Comparison Trap: How to Stay Confident in a Social Media,Online,Online,14,Simba N.,Business
12/19/2024,19:00:00-05:00,How To Get Rid of Social Anxiety!,Online,Online,17,Bett,Entertainment
12/6/2024,13:00:00-05:00,[Community Partnership] PyLadiesCon 2024 (Online & Free),Online,Online,11,Reshama S.,Entertainment
12/16/2024,19:00:00-05:00,Overcoming Social Anxiety to Become Confident in Yourself!,Online,Online,7,Carolina Rodr铆guez .,Entertainment
12/15/2024,09:00:00-05:00,"Winston Churchill War Rooms and Museum: London, England - Livestream Tour",Online,Online,111,Robert K. and Robert K.,Entertainment
1/2/2025,19:00:00-05:00,Hybrid MI Python: Dynamic Simulations using Pygame,"4800 E. Huron River Drive, ","Ann Arbor, MI",14,Dan Y. and Evan S.,Entertainment
12/18/2024,12:00:00-05:00,LitheSpeed Agile Coaching Circle 12pm ET,Online,Online,13,Claire van A. and Maggie S.,Entertainment
12/17/2024,17:00:00-05:00,Signal Boost: Building a Mission-Driven Career with Climatebase,Online,Online,8,Flatiron S.,Business
12/18/2024,19:00:00-05:00,Can You Rid Yourself of Fears and Anxiety for a Happier Future?,Online,Online,13,Bett,Entertainment
12/15/2024,20:00:00-05:00,"Revolutionizing Web Development with AI: Tools & Techniques for Faster, Smarter",Online,Online,7,Clarusway Tech C.,Entertainment
12/19/2024,17:00:00-05:00, Travel Tribe Talk: Hawaii + surrounding islands ,Online,Online,6,Fran莽ois .,Entertainment
12/17/2024,19:00:00-05:00,Don't Let The Past Hold You Back,Online,Online,12,Lucas L. and Bett,Entertainment
12/17/2024,18:00:00-05:00,Paying for Bootcamp: Your Flatiron School Guide,Online,Online,4,Flatiron S.,Entertainment
12/5/2024,19:00:00-05:00,Techniques to Feel Comfortable Speaking in Public,Online,Online,9,Lucas L. and Bett,Entertainment
12/17/2024,18:00:00-05:00,Your Virtual Board of Advisors,Online,Online,3,Brian T.,Entertainment
12/18/2024,19:00:00-05:00,Don't Let The Past Hold You Back,Online,Online,7,Lucas L. and Bett,Entertainment
